<?xml version="1.0" encoding="UTF-8"?>

<!-- $Id: jboss-service.xml 6445 2008-04-16 08:37:59Z thomas.diesler@jboss.com $ -->

<server>

   <!--
     A deployer service for JSE endpoints.
   -->
   <mbean name="jboss.ws:service=DeployerInterceptorJSE" code="org.jboss.wsf.container.jboss42.DeployerInterceptorJSE">
      <depends-list optional-attribute-name="Interceptables">
         <depends-list-element>jboss.web:service=WebServer</depends-list-element>
      </depends-list>
   </mbean>

   <!--
     A deployer service for EJB2.1 endpoints.
   -->
   <mbean name="jboss.ws:service=DeployerInterceptorEJB21" code="org.jboss.wsf.container.jboss42.DeployerInterceptorEJB21">
      <depends-list optional-attribute-name="Interceptables">
         <depends-list-element>jboss.ejb:service=EJBDeployer</depends-list-element>
      </depends-list>
   </mbean>

   <!--
     A deployer service for EJB3 endpoints.
   -->
   <mbean name="jboss.ws:service=DeployerInterceptorEJB3" code="org.jboss.wsf.container.jboss42.DeployerInterceptorEJB3">
      <depends-list optional-attribute-name="Interceptables">
         <depends-list-element>jboss.ejb3:service=EJB3Deployer</depends-list-element>
      </depends-list>
   </mbean>

</server>
